policy,charter,legacy,seed,completed,terminal,food_min,parts_min,critical_months,months,occupied_slot_months,blocked_jobs,queue_transitions,recoveries,recovery_months,max_recovery_months
NoProjects,coronal_tap,adaptors,0,false,Some(HullLoss),1500,230,469,3456,0,0,0,0,0,0
NoProjects,coronal_tap,adaptors,1,false,Some(HullLoss),1500,300,889,3216,0,0,0,1,179,179
NoProjects,coronal_tap,adaptors,2,false,Some(HullLoss),1328,294,517,2880,0,0,0,0,0,0
NoProjects,coronal_tap,adaptors,3,false,Some(HullLoss),1500,234,539,3166,0,0,0,0,0,0
NoProjects,coronal_tap,adaptors,4,true,None,1500,176,457,3840,0,0,0,1,95,95
NoProjects,coronal_tap,adaptors,5,true,None,1500,196,0,3840,0,0,0,0,0,0
NoProjects,coronal_tap,adaptors,6,true,None,1500,143,113,3840,0,0,0,1,112,112
NoProjects,coronal_tap,adaptors,7,false,Some(HullLoss),1221,235,649,2976,0,0,0,0,0,0
NoProjects,coronal_tap,adaptors,8,true,None,1500,215,454,3840,0,0,0,1,453,453
NoProjects,coronal_tap,adaptors,9,false,Some(HullLoss),1500,245,505,2748,0,0,0,0,0,0
NoProjects,coronal_tap,adaptors,10,false,Some(HullLoss),1500,200,721,3636,0,0,0,0,0,0
NoProjects,coronal_tap,adaptors,11,true,None,1500,193,414,3840,0,0,0,2,412,262
NoProjects,coronal_tap,adaptors,12,false,Some(HullLoss),1500,252,505,3132,0,0,0,0,0,0
NoProjects,coronal_tap,adaptors,13,true,None,1500,133,448,3840,0,0,0,1,98,98
NoProjects,coronal_tap,adaptors,14,true,None,1500,79,80,3840,0,0,0,2,78,51
NoProjects,coronal_tap,adaptors,15,true,None,1500,131,270,3840,0,0,0,1,269,269
NoProjects,coronal_tap,preservers,0,true,None,1500,140,109,3840,0,0,0,0,0,0
NoProjects,coronal_tap,preservers,1,true,None,1500,273,210,3840,0,0,0,1,209,209
NoProjects,coronal_tap,preservers,2,true,None,1428,265,68,3840,0,0,0,2,66,36
NoProjects,coronal_tap,preservers,3,true,None,1500,300,854,3840,0,0,0,2,587,498
NoProjects,coronal_tap,preservers,4,true,None,1500,224,69,3840,0,0,0,1,68,68
NoProjects,coronal_tap,preservers,5,false,Some(HullLoss),1500,285,433,2604,0,0,0,0,0,0
NoProjects,coronal_tap,preservers,6,true,None,1500,219,0,3840,0,0,0,0,0,0
NoProjects,coronal_tap,preservers,7,true,None,1221,230,710,3840,0,0,0,2,314,288
NoProjects,coronal_tap,preservers,8,true,None,1500,207,329,3840,0,0,0,2,328,217
NoProjects,coronal_tap,preservers,9,true,None,1500,232,325,3840,0,0,0,0,0,0
NoProjects,coronal_tap,preservers,10,false,Some(HullLoss),1500,263,673,2820,0,0,0,0,0,0
NoProjects,coronal_tap,preservers,11,true,None,1500,153,0,3840,0,0,0,0,0,0
NoProjects,coronal_tap,preservers,12,true,None,0,197,574,3840,0,0,0,4,573,510
NoProjects,coronal_tap,preservers,13,false,Some(HullLoss),1500,193,397,3804,0,0,0,0,0,0
NoProjects,coronal_tap,preservers,14,false,Some(HullLoss),1500,248,517,2640,0,0,0,0,0,0
NoProjects,coronal_tap,preservers,15,true,None,1500,197,433,3840,0,0,0,0,0,0
NoProjects,coronal_tap,wanderers,0,true,None,1500,118,0,3840,0,0,0,0,0,0
NoProjects,coronal_tap,wanderers,1,true,None,1500,175,531,3840,0,0,0,1,229,229
NoProjects,coronal_tap,wanderers,2,true,None,1500,246,38,3840,0,0,0,1,37,37
NoProjects,coronal_tap,wanderers,3,true,None,1500,59,323,3840,0,0,0,2,321,256
NoProjects,coronal_tap,wanderers,4,false,Some(HullLoss),1500,247,381,2232,0,0,0,0,0,0
NoProjects,coronal_tap,wanderers,5,false,Some(HullLoss),1500,209,400,2796,0,0,0,1,3,3
NoProjects,coronal_tap,wanderers,6,false,Some(HullLoss),1500,177,517,3480,0,0,0,0,0,0
NoProjects,coronal_tap,wanderers,7,true,None,1500,222,207,3840,0,0,0,2,205,133
NoProjects,coronal_tap,wanderers,8,false,Some(HullLoss),1500,254,325,2400,0,0,0,0,0,0
NoProjects,coronal_tap,wanderers,9,true,None,1500,128,367,3840,0,0,0,1,366,366
NoProjects,coronal_tap,wanderers,10,false,Some(HullLoss),1500,137,481,3612,0,0,0,0,0,0
NoProjects,coronal_tap,wanderers,11,true,None,1500,193,40,3840,0,0,0,1,39,39
NoProjects,coronal_tap,wanderers,12,true,None,1500,300,189,3840,0,0,0,1,188,188
NoProjects,coronal_tap,wanderers,13,true,None,1500,222,829,3840,0,0,0,2,828,487
NoProjects,coronal_tap,wanderers,14,true,None,1286,168,688,3840,0,0,0,3,686,412
NoProjects,coronal_tap,wanderers,15,false,Some(HullLoss),1500,219,565,2508,0,0,0,0,0,0
NoProjects,deep_vein_survey,adaptors,0,true,None,1500,140,30,4080,0,0,0,1,29,29
NoProjects,deep_vein_survey,adaptors,1,true,None,1500,275,510,4080,0,0,0,1,510,510
NoProjects,deep_vein_survey,adaptors,2,true,None,1500,168,0,4080,0,0,0,0,0,0
NoProjects,deep_vein_survey,adaptors,3,true,None,1500,127,0,4080,0,0,0,0,0,0
NoProjects,deep_vein_survey,adaptors,4,true,None,756,177,689,4080,0,0,0,4,686,350
NoProjects,deep_vein_survey,adaptors,5,true,None,1500,129,1,4080,0,0,0,0,0,0
NoProjects,deep_vein_survey,adaptors,6,true,None,1500,121,0,4080,0,0,0,0,0,0
NoProjects,deep_vein_survey,adaptors,7,true,None,1221,186,20,4080,0,0,0,1,19,19
NoProjects,deep_vein_survey,adaptors,8,true,None,1500,300,313,4080,0,0,0,1,23,23
NoProjects,deep_vein_survey,adaptors,9,true,None,1444,237,0,4080,0,0,0,0,0,0
NoProjects,deep_vein_survey,adaptors,10,true,None,1500,229,325,4080,0,0,0,0,0,0
NoProjects,deep_vein_survey,adaptors,11,true,None,1500,176,541,4080,0,0,0,0,0,0
NoProjects,deep_vein_survey,adaptors,12,true,None,1500,247,0,4080,0,0,0,0,0,0
NoProjects,deep_vein_survey,adaptors,13,true,None,1480,300,0,4080,0,0,0,0,0,0
NoProjects,deep_vein_survey,adaptors,14,true,None,1500,246,0,4080,0,0,0,0,0,0
NoProjects,deep_vein_survey,adaptors,15,true,None,1500,103,345,4080,0,0,0,1,344,344
NoProjects,deep_vein_survey,preservers,0,true,None,1500,184,85,4080,0,0,0,0,0,0
NoProjects,deep_vein_survey,preservers,1,true,None,1500,281,191,4080,0,0,0,1,190,190
NoProjects,deep_vein_survey,preservers,2,true,None,1500,248,0,4080,0,0,0,0,0,0
NoProjects,deep_vein_survey,preservers,3,true,None,1500,197,0,4080,0,0,0,0,0,0
NoProjects,deep_vein_survey,preservers,4,true,None,1500,266,0,4080,0,0,0,0,0,0
NoProjects,deep_vein_survey,preservers,5,true,None,1500,242,0,4080,0,0,0,0,0,0
NoProjects,deep_vein_survey,preservers,6,true,None,1500,240,1,4080,0,0,0,0,0,0
NoProjects,deep_vein_survey,preservers,7,true,None,1221,300,0,4080,0,0,0,0,0,0
NoProjects,deep_vein_survey,preservers,8,true,None,1236,191,0,4080,0,0,0,0,0,0
NoProjects,deep_vein_survey,preservers,9,true,None,1444,253,0,4080,0,0,0,0,0,0
NoProjects,deep_vein_survey,preservers,10,true,None,1500,169,0,4080,0,0,0,0,0,0
NoProjects,deep_vein_survey,preservers,11,true,None,1500,300,409,4080,0,0,0,0,0,0
NoProjects,deep_vein_survey,preservers,12,true,None,1500,175,0,4080,0,0,0,0,0,0
NoProjects,deep_vein_survey,preservers,13,true,None,1480,156,0,4080,0,0,0,0,0,0
NoProjects,deep_vein_survey,preservers,14,false,Some(HullLoss),1500,231,577,3708,0,0,0,0,0,0
NoProjects,deep_vein_survey,preservers,15,true,None,1500,156,0,4080,0,0,0,0,0,0
NoProjects,deep_vein_survey,wanderers,0,true,None,1500,109,0,4080,0,0,0,0,0,0
NoProjects,deep_vein_survey,wanderers,1,true,None,1500,222,0,4080,0,0,0,0,0,0
NoProjects,deep_vein_survey,wanderers,2,true,None,1500,236,0,4080,0,0,0,0,0,0
NoProjects,deep_vein_survey,wanderers,3,true,None,1500,188,105,4080,0,0,0,1,105,105
NoProjects,deep_vein_survey,wanderers,4,true,None,1500,222,0,4080,0,0,0,0,0,0
NoProjects,deep_vein_survey,wanderers,5,true,None,1500,169,0,4080,0,0,0,0,0,0
NoProjects,deep_vein_survey,wanderers,6,true,None,1500,134,49,4080,0,0,0,0,0,0
NoProjects,deep_vein_survey,wanderers,7,true,None,1500,215,0,4080,0,0,0,0,0,0
NoProjects,deep_vein_survey,wanderers,8,true,None,1500,200,253,4080,0,0,0,0,0,0
NoProjects,deep_vein_survey,wanderers,9,true,None,1500,264,0,4080,0,0,0,0,0,0
NoProjects,deep_vein_survey,wanderers,10,true,None,1500,124,211,4080,0,0,0,1,210,210
NoProjects,deep_vein_survey,wanderers,11,false,Some(HullLoss),1500,225,649,3996,0,0,0,0,0,0
NoProjects,deep_vein_survey,wanderers,12,true,None,0,300,425,4080,0,0,0,2,185,184
NoProjects,deep_vein_survey,wanderers,13,true,None,1480,209,0,4080,0,0,0,0,0,0
NoProjects,deep_vein_survey,wanderers,14,true,None,1500,203,733,4080,0,0,0,0,0,0
NoProjects,deep_vein_survey,wanderers,15,true,None,1500,82,0,4080,0,0,0,0,0,0
NoProjects,hollow_fleet,adaptors,0,true,None,1500,251,0,3720,0,0,0,0,0,0
NoProjects,hollow_fleet,adaptors,1,true,None,1500,223,0,3720,0,0,0,0,0,0
NoProjects,hollow_fleet,adaptors,2,true,None,0,102,0,3720,0,0,0,1,1,1
NoProjects,hollow_fleet,adaptors,3,true,None,1500,166,0,3720,0,0,0,0,0,0
NoProjects,hollow_fleet,adaptors,4,true,None,1500,106,0,3720,0,0,0,0,0,0
NoProjects,hollow_fleet,adaptors,5,true,None,1500,300,0,3720,0,0,0,0,0,0
NoProjects,hollow_fleet,adaptors,6,true,None,1500,198,163,3840,0,0,0,1,162,162
NoProjects,hollow_fleet,adaptors,7,true,None,1500,216,0,3720,0,0,0,0,0,0
NoProjects,hollow_fleet,adaptors,8,true,None,1500,102,0,3720,0,0,0,0,0,0
NoProjects,hollow_fleet,adaptors,9,true,None,1336,150,0,3720,0,0,0,0,0,0
NoProjects,hollow_fleet,adaptors,10,true,None,1500,280,721,3720,0,0,0,0,0,0
NoProjects,hollow_fleet,adaptors,11,true,None,1500,145,0,3720,0,0,0,0,0,0
NoProjects,hollow_fleet,adaptors,12,true,None,1500,218,34,3720,0,0,0,1,33,33
NoProjects,hollow_fleet,adaptors,13,true,None,1500,127,0,3720,0,0,0,0,0,0
NoProjects,hollow_fleet,adaptors,14,true,None,1500,229,0,3720,0,0,0,0,0,0
NoProjects,hollow_fleet,adaptors,15,true,None,1500,222,0,3720,0,0,0,0,0,0
NoProjects,hollow_fleet,preservers,0,true,None,1500,154,0,3720,0,0,0,0,0,0
NoProjects,hollow_fleet,preservers,1,true,None,1500,225,0,3720,0,0,0,0,0,0
NoProjects,hollow_fleet,preservers,2,true,None,1500,223,0,3720,0,0,0,0,0,0
NoProjects,hollow_fleet,preservers,3,true,None,1500,300,0,3720,0,0,0,0,0,0
NoProjects,hollow_fleet,preservers,4,true,None,1500,124,0,3720,0,0,0,0,0,0
NoProjects,hollow_fleet,preservers,5,true,None,1500,163,0,3720,0,0,0,0,0,0
NoProjects,hollow_fleet,preservers,6,true,None,1500,251,616,3720,0,0,0,1,615,615
NoProjects,hollow_fleet,preservers,7,true,None,1500,230,0,3720,0,0,0,0,0,0
NoProjects,hollow_fleet,preservers,8,true,None,1500,178,214,3720,0,0,0,2,212,212
NoProjects,hollow_fleet,preservers,9,true,None,1336,160,469,3744,0,0,0,0,0,0
NoProjects,hollow_fleet,preservers,10,true,None,1500,192,6,3720,0,0,0,1,5,5
NoProjects,hollow_fleet,preservers,11,true,None,1500,179,495,3720,0,0,0,1,495,495
NoProjects,hollow_fleet,preservers,12,true,None,1500,289,0,3720,0,0,0,0,0,0
NoProjects,hollow_fleet,preservers,13,true,None,1500,129,0,3720,0,0,0,0,0,0
NoProjects,hollow_fleet,preservers,14,true,None,1500,195,0,3720,0,0,0,0,0,0
NoProjects,hollow_fleet,preservers,15,true,None,471,183,0,3720,0,0,0,0,0,0
NoProjects,hollow_fleet,wanderers,0,true,None,1500,254,0,3720,0,0,0,0,0,0
NoProjects,hollow_fleet,wanderers,1,true,None,1500,237,0,3720,0,0,0,0,0,0
NoProjects,hollow_fleet,wanderers,2,true,None,1500,233,0,3720,0,0,0,0,0,0
NoProjects,hollow_fleet,wanderers,3,true,None,1500,201,49,3720,0,0,0,0,0,0
NoProjects,hollow_fleet,wanderers,4,true,None,1500,124,0,3720,0,0,0,0,0,0
NoProjects,hollow_fleet,wanderers,5,true,None,1500,234,481,3720,0,0,0,0,0,0
NoProjects,hollow_fleet,wanderers,6,true,None,1500,181,58,3746,0,0,0,2,56,32
NoProjects,hollow_fleet,wanderers,7,true,None,1500,139,5,3720,0,0,0,1,4,4
NoProjects,hollow_fleet,wanderers,8,true,None,1500,158,100,3720,0,0,0,1,99,99
NoProjects,hollow_fleet,wanderers,9,true,None,1500,221,0,3720,0,0,0,0,0,0
NoProjects,hollow_fleet,wanderers,10,true,None,1500,285,0,3720,0,0,0,0,0,0
NoProjects,hollow_fleet,wanderers,11,true,None,1500,205,0,3720,0,0,0,0,0,0
NoProjects,hollow_fleet,wanderers,12,true,None,1500,194,282,3720,0,0,0,2,280,196
NoProjects,hollow_fleet,wanderers,13,true,None,1500,111,379,3834,0,0,0,2,377,287
NoProjects,hollow_fleet,wanderers,14,true,None,1500,145,0,3720,0,0,0,0,0,0
NoProjects,hollow_fleet,wanderers,15,true,None,1500,223,0,3720,0,0,0,0,0,0
NoProjects,lumen_relay_proving_run,adaptors,0,true,None,1500,276,0,1800,0,0,0,0,0,0
NoProjects,lumen_relay_proving_run,adaptors,1,true,None,1500,260,0,1800,0,0,0,0,0,0
NoProjects,lumen_relay_proving_run,adaptors,2,true,None,1500,274,0,1800,0,0,0,0,0,0
NoProjects,lumen_relay_proving_run,adaptors,3,true,None,1500,271,0,1800,0,0,0,0,0,0
NoProjects,lumen_relay_proving_run,adaptors,4,true,None,1500,300,0,1800,0,0,0,0,0,0
NoProjects,lumen_relay_proving_run,adaptors,5,true,None,1500,284,0,1800,0,0,0,0,0,0
NoProjects,lumen_relay_proving_run,adaptors,6,true,None,1500,277,0,1800,0,0,0,0,0,0
NoProjects,lumen_relay_proving_run,adaptors,7,true,None,1221,295,0,1800,0,0,0,0,0,0
NoProjects,lumen_relay_proving_run,adaptors,8,true,None,1500,277,0,1800,0,0,0,0,0,0
NoProjects,lumen_relay_proving_run,adaptors,9,true,None,1500,300,0,1800,0,0,0,0,0,0
NoProjects,lumen_relay_proving_run,adaptors,10,true,None,1500,276,0,1800,0,0,0,0,0,0
NoProjects,lumen_relay_proving_run,adaptors,11,true,None,1500,300,0,1800,0,0,0,0,0,0
NoProjects,lumen_relay_proving_run,adaptors,12,true,None,1500,300,0,1800,0,0,0,0,0,0
NoProjects,lumen_relay_proving_run,adaptors,13,true,None,1500,284,0,1800,0,0,0,0,0,0
NoProjects,lumen_relay_proving_run,adaptors,14,true,None,1500,274,0,1800,0,0,0,0,0,0
NoProjects,lumen_relay_proving_run,adaptors,15,true,None,1500,288,0,1800,0,0,0,0,0,0
NoProjects,lumen_relay_proving_run,preservers,0,true,None,1500,248,0,1800,0,0,0,0,0,0
NoProjects,lumen_relay_proving_run,preservers,1,true,None,1500,275,0,1800,0,0,0,0,0,0
NoProjects,lumen_relay_proving_run,preservers,2,true,None,1447,269,0,1800,0,0,0,0,0,0
NoProjects,lumen_relay_proving_run,preservers,3,true,None,0,269,0,1800,0,0,0,1,1,1
NoProjects,lumen_relay_proving_run,preservers,4,true,None,1500,298,0,1800,0,0,0,0,0,0
NoProjects,lumen_relay_proving_run,preservers,5,true,None,1500,298,0,1800,0,0,0,0,0,0
NoProjects,lumen_relay_proving_run,preservers,6,true,None,1500,285,0,1800,0,0,0,0,0,0
NoProjects,lumen_relay_proving_run,preservers,7,true,None,1221,298,0,1800,0,0,0,0,0,0
NoProjects,lumen_relay_proving_run,preservers,8,true,None,1500,275,0,1800,0,0,0,0,0,0
NoProjects,lumen_relay_proving_run,preservers,9,true,None,1500,282,0,1800,0,0,0,0,0,0
NoProjects,lumen_relay_proving_run,preservers,10,true,None,1500,280,0,1800,0,0,0,0,0,0
NoProjects,lumen_relay_proving_run,preservers,11,true,None,1500,300,0,1800,0,0,0,0,0,0
NoProjects,lumen_relay_proving_run,preservers,12,true,None,1500,270,0,1800,0,0,0,0,0,0
NoProjects,lumen_relay_proving_run,preservers,13,true,None,1500,263,0,1800,0,0,0,0,0,0
NoProjects,lumen_relay_proving_run,preservers,14,true,None,1500,269,0,1800,0,0,0,0,0,0
NoProjects,lumen_relay_proving_run,preservers,15,true,None,1500,274,0,1800,0,0,0,0,0,0
NoProjects,lumen_relay_proving_run,wanderers,0,true,None,1500,280,0,1800,0,0,0,0,0,0
NoProjects,lumen_relay_proving_run,wanderers,1,true,None,1500,300,0,1800,0,0,0,0,0,0
NoProjects,lumen_relay_proving_run,wanderers,2,true,None,1253,286,0,1800,0,0,0,0,0,0
NoProjects,lumen_relay_proving_run,wanderers,3,true,None,1500,271,0,1800,0,0,0,0,0,0
NoProjects,lumen_relay_proving_run,wanderers,4,true,None,1500,300,0,1800,0,0,0,0,0,0
NoProjects,lumen_relay_proving_run,wanderers,5,true,None,1500,300,0,1800,0,0,0,0,0,0
NoProjects,lumen_relay_proving_run,wanderers,6,true,None,1500,297,0,1800,0,0,0,0,0,0
NoProjects,lumen_relay_proving_run,wanderers,7,true,None,1500,297,0,1800,0,0,0,0,0,0
NoProjects,lumen_relay_proving_run,wanderers,8,true,None,1500,287,0,1800,0,0,0,0,0,0
NoProjects,lumen_relay_proving_run,wanderers,9,true,None,1500,287,0,1800,0,0,0,0,0,0
NoProjects,lumen_relay_proving_run,wanderers,10,true,None,0,271,268,1800,0,0,0,3,271,269
NoProjects,lumen_relay_proving_run,wanderers,11,true,None,1500,273,0,1800,0,0,0,0,0,0
NoProjects,lumen_relay_proving_run,wanderers,12,true,None,1500,255,0,1800,0,0,0,0,0,0
NoProjects,lumen_relay_proving_run,wanderers,13,true,None,1500,292,0,1800,0,0,0,0,0,0
NoProjects,lumen_relay_proving_run,wanderers,14,true,None,921,255,0,1800,0,0,0,0,0,0
NoProjects,lumen_relay_proving_run,wanderers,15,true,None,1500,283,0,1800,0,0,0,0,0,0
NoProjects,tarssen_relief,adaptors,0,true,None,1500,168,0,3600,0,0,0,0,0,0
NoProjects,tarssen_relief,adaptors,1,true,None,1500,223,0,3600,0,0,0,0,0,0
NoProjects,tarssen_relief,adaptors,2,true,None,1328,187,0,3600,0,0,0,0,0,0
NoProjects,tarssen_relief,adaptors,3,true,None,1500,258,0,3600,0,0,0,0,0,0
NoProjects,tarssen_relief,adaptors,4,true,None,1500,300,0,3600,0,0,0,0,0,0
NoProjects,tarssen_relief,adaptors,5,true,None,1500,226,25,3600,0,0,0,0,0,0
NoProjects,tarssen_relief,adaptors,6,true,None,1500,161,0,3600,0,0,0,0,0,0
NoProjects,tarssen_relief,adaptors,7,true,None,1452,300,0,3600,0,0,0,0,0,0
NoProjects,tarssen_relief,adaptors,8,true,None,1500,237,0,3600,0,0,0,0,0,0
NoProjects,tarssen_relief,adaptors,9,true,None,1336,247,132,3600,0,0,0,1,131,131
NoProjects,tarssen_relief,adaptors,10,true,None,1500,191,0,3600,0,0,0,0,0,0
NoProjects,tarssen_relief,adaptors,11,true,None,1500,278,241,3600,0,0,0,0,0,0
NoProjects,tarssen_relief,adaptors,12,true,None,1500,147,781,3600,0,0,0,0,0,0
NoProjects,tarssen_relief,adaptors,13,true,None,1500,198,0,3600,0,0,0,0,0,0
NoProjects,tarssen_relief,adaptors,14,true,None,1500,181,142,3600,0,0,0,1,141,141
NoProjects,tarssen_relief,adaptors,15,true,None,1500,244,4,3600,0,0,0,1,3,3
NoProjects,tarssen_relief,preservers,0,true,None,1500,275,0,3600,0,0,0,0,0,0
NoProjects,tarssen_relief,preservers,1,true,None,1500,239,0,3600,0,0,0,0,0,0
NoProjects,tarssen_relief,preservers,2,true,None,1428,210,0,3600,0,0,0,0,0,0
NoProjects,tarssen_relief,preservers,3,true,None,1500,245,0,3600,0,0,0,0,0,0
NoProjects,tarssen_relief,preservers,4,true,None,1500,245,50,3600,0,0,0,1,50,50
NoProjects,tarssen_relief,preservers,5,true,None,1500,259,0,3600,0,0,0,0,0,0
NoProjects,tarssen_relief,preservers,6,true,None,1500,300,0,3600,0,0,0,0,0,0
NoProjects,tarssen_relief,preservers,7,true,None,1452,257,0,3600,0,0,0,0,0,0
NoProjects,tarssen_relief,preservers,8,true,None,1500,198,0,3600,0,0,0,0,0,0
NoProjects,tarssen_relief,preservers,9,true,None,1336,236,0,3600,0,0,0,0,0,0
NoProjects,tarssen_relief,preservers,10,true,None,1500,251,0,3600,0,0,0,0,0,0
NoProjects,tarssen_relief,preservers,11,true,None,1500,234,109,3600,0,0,0,0,0,0
NoProjects,tarssen_relief,preservers,12,true,None,1500,149,0,3619,0,0,0,0,0,0
NoProjects,tarssen_relief,preservers,13,true,None,1500,289,0,3600,0,0,0,0,0,0
NoProjects,tarssen_relief,preservers,14,true,None,1500,250,0,3600,0,0,0,0,0,0
NoProjects,tarssen_relief,preservers,15,true,None,1500,232,0,3600,0,0,0,0,0,0
NoProjects,tarssen_relief,wanderers,0,true,None,1500,232,0,3600,0,0,0,0,0,0
NoProjects,tarssen_relief,wanderers,1,true,None,1500,193,0,3600,0,0,0,0,0,0
NoProjects,tarssen_relief,wanderers,2,true,None,1500,185,0,3600,0,0,0,0,0,0
NoProjects,tarssen_relief,wanderers,3,true,None,1500,282,0,3600,0,0,0,0,0,0
NoProjects,tarssen_relief,wanderers,4,true,None,1500,201,241,3600,0,0,0,0,0,0
NoProjects,tarssen_relief,wanderers,5,true,None,1500,212,0,3600,0,0,0,0,0,0
NoProjects,tarssen_relief,wanderers,6,true,None,1500,300,0,3600,0,0,0,0,0,0
NoProjects,tarssen_relief,wanderers,7,true,None,1500,273,237,3600,0,0,0,1,236,236
NoProjects,tarssen_relief,wanderers,8,true,None,1500,237,0,3600,0,0,0,0,0,0
NoProjects,tarssen_relief,wanderers,9,true,None,1500,186,0,3600,0,0,0,0,0,0
NoProjects,tarssen_relief,wanderers,10,true,None,1500,228,36,3600,0,0,0,1,35,35
NoProjects,tarssen_relief,wanderers,11,true,None,1500,192,0,3600,0,0,0,0,0,0
NoProjects,tarssen_relief,wanderers,12,true,None,1500,211,0,3600,0,0,0,0,0,0
NoProjects,tarssen_relief,wanderers,13,true,None,1500,218,43,3600,0,0,0,1,0,0
NoProjects,tarssen_relief,wanderers,14,true,None,1500,300,91,3600,0,0,0,1,90,90
NoProjects,tarssen_relief,wanderers,15,true,None,1500,199,0,3600,0,0,0,0,0,0
NoProjects,the_deep_camp,adaptors,0,false,Some(HullLoss),1500,63,1048,4968,0,0,0,1,134,134
NoProjects,the_deep_camp,adaptors,1,false,Some(HullLoss),1500,114,997,4272,0,0,0,0,0,0
NoProjects,the_deep_camp,adaptors,2,true,None,1395,134,421,5760,0,0,0,0,0,0
NoProjects,the_deep_camp,adaptors,3,true,None,1500,25,333,5760,0,0,0,1,104,104
NoProjects,the_deep_camp,adaptors,4,true,None,1500,47,0,5760,0,0,0,0,0,0
NoProjects,the_deep_camp,adaptors,5,true,None,1500,84,337,5760,0,0,0,2,335,313
NoProjects,the_deep_camp,adaptors,6,true,None,1500,73,19,5760,0,0,0,1,18,18
NoProjects,the_deep_camp,adaptors,7,false,Some(HullLoss),1500,153,1189,4848,0,0,0,0,0,0
NoProjects,the_deep_camp,adaptors,8,true,None,1500,78,257,5760,0,0,0,2,255,143
NoProjects,the_deep_camp,adaptors,9,true,None,1500,181,447,5760,0,0,0,1,301,301
NoProjects,the_deep_camp,adaptors,10,true,None,1500,174,0,5760,0,0,0,0,0,0
NoProjects,the_deep_camp,adaptors,11,true,None,1500,194,180,5760,0,0,0,3,177,152
NoProjects,the_deep_camp,adaptors,12,true,None,1500,110,748,5760,0,0,0,2,169,164
NoProjects,the_deep_camp,adaptors,13,true,None,1087,120,167,5760,0,0,0,1,117,117
NoProjects,the_deep_camp,adaptors,14,true,None,1500,187,675,5760,0,0,0,1,675,675
NoProjects,the_deep_camp,adaptors,15,false,Some(HullLoss),1445,135,840,4764,0,0,0,2,69,54
NoProjects,the_deep_camp,preservers,0,true,None,1500,209,891,5760,0,0,0,1,509,509
NoProjects,the_deep_camp,preservers,1,false,Some(HullLoss),1500,225,841,3936,0,0,0,0,0,0
NoProjects,the_deep_camp,preservers,2,true,None,1500,71,31,5760,0,0,0,1,31,31
NoProjects,the_deep_camp,preservers,3,true,None,1447,0,745,5760,0,0,0,2,743,428
NoProjects,the_deep_camp,preservers,4,true,None,1500,0,0,5760,0,0,0,0,0,0
NoProjects,the_deep_camp,preservers,5,true,None,1500,0,0,5760,0,0,0,0,0,0
NoProjects,the_deep_camp,preservers,6,false,Some(HullLoss),1500,92,769,5184,0,0,0,0,0,0
NoProjects,the_deep_camp,preservers,7,false,Some(HullLoss),1500,300,599,5302,0,0,0,0,0,0
NoProjects,the_deep_camp,preservers,8,false,Some(HullLoss),1500,88,997,5136,0,0,0,0,0,0
NoProjects,the_deep_camp,preservers,9,true,None,1500,27,243,5760,0,0,0,3,227,165
NoProjects,the_deep_camp,preservers,10,true,None,1500,4,0,5760,0,0,0,0,0,0
NoProjects,the_deep_camp,preservers,11,true,None,1500,139,1022,5760,0,0,0,2,691,503
NoProjects,the_deep_camp,preservers,12,false,Some(HullLoss),1500,85,841,4464,0,0,0,0,0,0
NoProjects,the_deep_camp,preservers,13,true,None,1087,146,309,5760,0,0,0,2,308,284
NoProjects,the_deep_camp,preservers,14,true,None,1500,0,2,5760,0,0,0,1,1,1
NoProjects,the_deep_camp,preservers,15,false,Some(HullLoss),1445,195,853,5112,0,0,0,0,0,0
NoProjects,the_deep_camp,wanderers,0,true,None,1500,18,532,5760,0,0,0,1,38,38
NoProjects,the_deep_camp,wanderers,1,false,Some(HullLoss),1500,161,628,4464,0,0,0,0,0,0
NoProjects,the_deep_camp,wanderers,2,false,Some(HullLoss),1500,181,847,5334,0,0,0,0,0,0
NoProjects,the_deep_camp,wanderers,3,true,None,1500,72,0,5760,0,0,0,0,0,0
NoProjects,the_deep_camp,wanderers,4,true,None,1500,107,618,5760,0,0,0,1,617,617
NoProjects,the_deep_camp,wanderers,5,false,Some(HullLoss),1500,208,757,5736,0,0,0,0,0,0
NoProjects,the_deep_camp,wanderers,6,true,None,1500,98,0,5760,0,0,0,0,0,0
NoProjects,the_deep_camp,wanderers,7,false,Some(HullLoss),1500,159,757,5028,0,0,0,0,0,0
NoProjects,the_deep_camp,wanderers,8,true,None,1500,104,947,5760,0,0,0,2,945,524
NoProjects,the_deep_camp,wanderers,9,false,Some(PopulationLoss),1500,79,266,5638,0,0,0,1,266,266
NoProjects,the_deep_camp,wanderers,10,false,Some(HullLoss),1500,168,685,5508,0,0,0,0,0,0
NoProjects,the_deep_camp,wanderers,11,true,None,1500,232,0,5760,0,0,0,0,0,0
NoProjects,the_deep_camp,wanderers,12,true,None,1500,0,143,5760,0,0,0,1,142,142
NoProjects,the_deep_camp,wanderers,13,true,None,1500,14,469,5760,0,0,0,3,466,245
NoProjects,the_deep_camp,wanderers,14,true,None,778,0,844,5760,0,0,0,1,260,260
NoProjects,the_deep_camp,wanderers,15,true,None,1445,94,717,5760,0,0,0,2,715,599
Reactive,coronal_tap,adaptors,0,true,None,1500,24,0,3840,3225,1,48,0,0,0
Reactive,coronal_tap,adaptors,1,true,None,1500,257,0,3840,2524,0,36,0,0,0
Reactive,coronal_tap,adaptors,2,true,None,1328,90,0,3840,3237,0,56,0,0,0
Reactive,coronal_tap,adaptors,3,true,None,1500,35,0,3840,3287,1,55,0,0,0
Reactive,coronal_tap,adaptors,4,true,None,1500,68,0,3840,2760,3,49,0,0,0
Reactive,coronal_tap,adaptors,5,true,None,1500,18,0,3840,4173,2,66,0,0,0
Reactive,coronal_tap,adaptors,6,true,None,1500,7,0,3840,2738,1,47,0,0,0
Reactive,coronal_tap,adaptors,7,true,None,1221,23,0,3840,2543,1,40,0,0,0
Reactive,coronal_tap,adaptors,8,true,None,1500,0,0,3840,3922,5,63,0,0,0
Reactive,coronal_tap,adaptors,9,true,None,1500,72,0,3840,3530,3,52,0,0,0
Reactive,coronal_tap,adaptors,10,true,None,1500,0,0,3840,3502,2,60,0,0,0
Reactive,coronal_tap,adaptors,11,true,None,1500,37,0,3840,2666,1,43,0,0,0
Reactive,coronal_tap,adaptors,12,true,None,1500,140,0,3840,2712,0,47,0,0,0
Reactive,coronal_tap,adaptors,13,true,None,1500,15,0,3840,3903,3,54,0,0,0
Reactive,coronal_tap,adaptors,14,true,None,1500,15,0,3840,3217,2,54,0,0,0
Reactive,coronal_tap,adaptors,15,true,None,1500,0,0,3840,3111,3,53,0,0,0
Reactive,coronal_tap,preservers,0,true,None,1500,9,0,3840,3308,3,50,0,0,0
Reactive,coronal_tap,preservers,1,true,None,1500,79,0,3840,2594,1,44,0,0,0
Reactive,coronal_tap,preservers,2,true,None,1428,34,0,3840,2999,1,52,0,0,0
Reactive,coronal_tap,preservers,3,true,None,1500,103,0,3840,2406,1,40,0,0,0
Reactive,coronal_tap,preservers,4,true,None,1500,0,0,3840,2665,3,45,0,0,0
Reactive,coronal_tap,preservers,5,true,None,1500,112,0,3840,2291,2,39,0,0,0
Reactive,coronal_tap,preservers,6,true,None,1500,152,0,3840,2571,1,41,0,0,0
Reactive,coronal_tap,preservers,7,true,None,1221,52,0,3840,2580,1,47,0,0,0
Reactive,coronal_tap,preservers,8,true,None,1500,71,0,3840,2722,2,43,0,0,0
Reactive,coronal_tap,preservers,9,true,None,1500,100,0,3840,2453,1,41,0,0,0
Reactive,coronal_tap,preservers,10,true,None,1500,48,0,3840,3475,2,54,0,0,0
Reactive,coronal_tap,preservers,11,true,None,1500,85,0,3840,3673,2,56,0,0,0
Reactive,coronal_tap,preservers,12,true,None,1500,0,0,3840,3936,2,54,0,0,0
Reactive,coronal_tap,preservers,13,true,None,1500,8,0,3840,3417,3,63,0,0,0
Reactive,coronal_tap,preservers,14,true,None,1500,92,0,3840,3242,1,48,0,0,0
Reactive,coronal_tap,preservers,15,true,None,1500,2,0,3840,3102,1,55,0,0,0
Reactive,coronal_tap,wanderers,0,true,None,1500,66,0,3840,3936,2,60,0,0,0
Reactive,coronal_tap,wanderers,1,true,None,1500,26,0,3840,3836,3,56,0,0,0
Reactive,coronal_tap,wanderers,2,true,None,1500,92,0,3840,2845,1,45,0,0,0
Reactive,coronal_tap,wanderers,3,true,None,1500,0,0,3840,3220,3,55,0,0,0
Reactive,coronal_tap,wanderers,4,true,None,1111,107,0,3840,3988,1,57,0,0,0
Reactive,coronal_tap,wanderers,5,true,None,1500,107,0,3840,2573,0,44,0,0,0
Reactive,coronal_tap,wanderers,6,true,None,1500,51,0,3840,2691,1,46,0,0,0
Reactive,coronal_tap,wanderers,7,true,None,1500,84,0,3840,2548,0,45,0,0,0
Reactive,coronal_tap,wanderers,8,true,None,1500,18,0,3840,2554,2,43,0,0,0
Reactive,coronal_tap,wanderers,9,true,None,1500,13,0,3840,3668,0,59,0,0,0
Reactive,coronal_tap,wanderers,10,true,None,1500,32,0,3840,3579,2,55,0,0,0
Reactive,coronal_tap,wanderers,11,true,None,1500,48,0,3840,2592,1,41,0,0,0
Reactive,coronal_tap,wanderers,12,true,None,1500,62,0,3840,3459,1,59,0,0,0
Reactive,coronal_tap,wanderers,13,true,None,1500,57,0,3840,3173,1,50,0,0,0
Reactive,coronal_tap,wanderers,14,true,None,1500,0,0,3840,3477,3,58,0,0,0
Reactive,coronal_tap,wanderers,15,true,None,1500,19,0,3840,3332,0,54,0,0,0
Reactive,deep_vein_survey,adaptors,0,true,None,1500,42,0,4080,2522,3,43,0,0,0
Reactive,deep_vein_survey,adaptors,1,true,None,1500,227,0,4080,2405,2,45,0,0,0
Reactive,deep_vein_survey,adaptors,2,true,None,1500,113,0,4080,2346,2,38,0,0,0
Reactive,deep_vein_survey,adaptors,3,true,None,1500,135,0,4080,2357,2,38,0,0,0
Reactive,deep_vein_survey,adaptors,4,true,None,496,0,0,4080,4177,3,66,0,0,0
Reactive,deep_vein_survey,adaptors,5,true,None,1500,251,0,4080,3374,1,50,0,0,0
Reactive,deep_vein_survey,adaptors,6,true,None,1500,204,0,4080,3407,1,48,0,0,0
Reactive,deep_vein_survey,adaptors,7,true,None,1221,162,0,4080,2425,1,42,0,0,0
Reactive,deep_vein_survey,adaptors,8,true,None,1500,144,0,4080,2118,1,36,0,0,0
Reactive,deep_vein_survey,adaptors,9,true,None,1444,166,0,4080,2523,2,43,0,0,0
Reactive,deep_vein_survey,adaptors,10,true,None,1500,74,0,4080,3966,4,57,0,0,0
Reactive,deep_vein_survey,adaptors,11,true,None,1500,105,0,4080,2117,1,33,0,0,0
Reactive,deep_vein_survey,adaptors,12,true,None,1500,150,0,4080,2363,2,41,0,0,0
Reactive,deep_vein_survey,adaptors,13,true,None,1480,59,0,4080,3765,2,52,0,0,0
Reactive,deep_vein_survey,adaptors,14,true,None,1500,244,0,4080,3287,3,56,0,0,0
Reactive,deep_vein_survey,adaptors,15,true,None,1500,77,0,4080,3754,3,57,0,0,0
Reactive,deep_vein_survey,preservers,0,true,None,1500,6,0,4080,3250,4,53,0,0,0
Reactive,deep_vein_survey,preservers,1,true,None,1500,225,0,4080,2709,1,47,0,0,0
Reactive,deep_vein_survey,preservers,2,true,None,1500,143,0,4080,2225,2,34,0,0,0
Reactive,deep_vein_survey,preservers,3,true,None,1500,284,0,4080,3206,0,48,0,0,0
Reactive,deep_vein_survey,preservers,4,true,None,1500,51,0,4080,4244,2,69,0,0,0
Reactive,deep_vein_survey,preservers,5,true,None,1500,87,0,4080,3169,1,44,0,0,0
Reactive,deep_vein_survey,preservers,6,true,None,1500,171,0,4080,3684,1,53,0,0,0
Reactive,deep_vein_survey,preservers,7,true,None,1221,177,0,4080,2426,1,39,0,0,0
Reactive,deep_vein_survey,preservers,8,true,None,1236,130,0,4080,2107,0,35,0,0,0
Reactive,deep_vein_survey,preservers,9,true,None,1444,2,0,4080,3234,3,52,0,0,0
Reactive,deep_vein_survey,preservers,10,true,None,1500,264,0,4080,3490,2,49,0,0,0
Reactive,deep_vein_survey,preservers,11,true,None,1500,146,0,4080,3214,1,48,0,0,0
Reactive,deep_vein_survey,preservers,12,true,None,1500,0,0,4080,4008,5,69,0,0,0
Reactive,deep_vein_survey,preservers,13,true,None,1480,95,0,4080,4258,2,60,0,0,0
Reactive,deep_vein_survey,preservers,14,true,None,1500,7,0,4080,3333,3,57,0,0,0
Reactive,deep_vein_survey,preservers,15,true,None,1500,7,0,4080,3380,1,54,0,0,0
Reactive,deep_vein_survey,wanderers,0,true,None,1500,115,0,4080,3887,1,58,0,0,0
Reactive,deep_vein_survey,wanderers,1,true,None,1500,83,0,4080,3931,2,58,0,0,0
Reactive,deep_vein_survey,wanderers,2,true,None,1500,108,0,4080,2499,2,46,0,0,0
Reactive,deep_vein_survey,wanderers,3,true,None,1500,169,0,4080,2295,0,40,0,0,0
Reactive,deep_vein_survey,wanderers,4,true,None,1500,91,0,4080,2471,1,38,0,0,0
Reactive,deep_vein_survey,wanderers,5,true,None,1500,168,0,4080,3538,3,57,0,0,0
Reactive,deep_vein_survey,wanderers,6,true,None,1500,167,0,4080,3840,2,59,0,0,0
Reactive,deep_vein_survey,wanderers,7,true,None,1500,32,0,4080,3402,2,56,0,0,0
Reactive,deep_vein_survey,wanderers,8,true,None,1500,179,0,4080,2418,3,41,0,0,0
Reactive,deep_vein_survey,wanderers,9,true,None,1500,146,0,4080,2548,1,36,0,0,0
Reactive,deep_vein_survey,wanderers,10,true,None,1500,81,0,4080,3591,2,65,0,0,0
Reactive,deep_vein_survey,wanderers,11,true,None,1500,98,0,4080,3978,1,54,0,0,0
Reactive,deep_vein_survey,wanderers,12,true,None,1500,29,0,4080,4266,3,66,0,0,0
Reactive,deep_vein_survey,wanderers,13,true,None,1480,132,0,4080,3698,1,54,0,0,0
Reactive,deep_vein_survey,wanderers,14,true,None,1500,153,0,4080,3862,3,61,0,0,0
Reactive,deep_vein_survey,wanderers,15,true,None,1500,8,0,4080,3949,4,62,0,0,0
Reactive,hollow_fleet,adaptors,0,true,None,1500,80,0,3720,3558,2,52,0,0,0
Reactive,hollow_fleet,adaptors,1,true,None,1500,214,0,3720,1954,2,27,0,0,0
Reactive,hollow_fleet,adaptors,2,true,None,1495,137,0,3720,3146,0,41,0,0,0
Reactive,hollow_fleet,adaptors,3,true,None,1500,174,0,3720,3493,1,53,0,0,0
Reactive,hollow_fleet,adaptors,4,true,None,1500,108,0,3720,2835,1,41,0,0,0
Reactive,hollow_fleet,adaptors,5,true,None,1500,119,0,3720,2525,3,41,0,0,0
Reactive,hollow_fleet,adaptors,6,true,None,1500,207,0,3720,1879,0,27,0,0,0
Reactive,hollow_fleet,adaptors,7,true,None,1500,158,0,3720,2403,2,40,0,0,0
Reactive,hollow_fleet,adaptors,8,true,None,1500,64,0,3720,2525,2,43,0,0,0
Reactive,hollow_fleet,adaptors,9,true,None,1336,137,0,3720,3315,0,49,0,0,0
Reactive,hollow_fleet,adaptors,10,true,None,1500,97,0,3720,2383,1,37,0,0,0
Reactive,hollow_fleet,adaptors,11,true,None,1500,87,0,3720,3123,2,45,0,0,0
Reactive,hollow_fleet,adaptors,12,true,None,1500,175,0,3720,1938,1,30,0,0,0
Reactive,hollow_fleet,adaptors,13,true,None,1500,150,0,3720,1865,0,28,0,0,0
Reactive,hollow_fleet,adaptors,14,true,None,1500,198,0,3720,3114,2,48,0,0,0
Reactive,hollow_fleet,adaptors,15,true,None,1500,82,0,3720,3192,0,47,0,0,0
Reactive,hollow_fleet,preservers,0,true,None,1500,116,0,3720,2252,3,36,0,0,0
Reactive,hollow_fleet,preservers,1,true,None,1500,151,0,3720,2120,3,36,0,0,0
Reactive,hollow_fleet,preservers,2,true,None,1500,27,0,3720,3840,2,51,0,0,0
Reactive,hollow_fleet,preservers,3,true,None,1500,91,0,3720,2198,2,35,0,0,0
Reactive,hollow_fleet,preservers,4,true,None,1500,87,0,3720,2070,1,35,0,0,0
Reactive,hollow_fleet,preservers,5,true,None,1500,155,0,3720,2235,0,37,0,0,0
Reactive,hollow_fleet,preservers,6,true,None,1500,111,0,3720,2201,1,35,0,0,0
Reactive,hollow_fleet,preservers,7,true,None,1500,131,0,3720,2203,2,33,0,0,0
Reactive,hollow_fleet,preservers,8,true,None,1500,147,0,3720,2546,1,42,0,0,0
Reactive,hollow_fleet,preservers,9,true,None,1336,252,0,3720,2595,1,35,0,0,0
Reactive,hollow_fleet,preservers,10,true,None,1500,129,0,3720,2895,1,46,0,0,0
Reactive,hollow_fleet,preservers,11,true,None,1500,65,0,3720,3309,0,47,0,0,0
Reactive,hollow_fleet,preservers,12,true,None,1500,165,0,3720,2010,3,32,0,0,0
Reactive,hollow_fleet,preservers,13,true,None,1500,93,0,3720,2282,0,36,0,0,0
Reactive,hollow_fleet,preservers,14,true,None,1500,99,0,3720,3318,4,47,0,0,0
Reactive,hollow_fleet,preservers,15,true,None,1500,98,0,3720,3314,1,47,0,0,0
Reactive,hollow_fleet,wanderers,0,true,None,1500,79,0,3720,3146,0,43,0,0,0
Reactive,hollow_fleet,wanderers,1,true,None,1500,203,0,3720,1833,0,23,0,0,0
Reactive,hollow_fleet,wanderers,2,true,None,1500,232,0,3720,3144,1,46,0,0,0
Reactive,hollow_fleet,wanderers,3,true,None,1500,9,0,3720,2685,2,44,0,0,0
Reactive,hollow_fleet,wanderers,4,true,None,1500,96,0,3720,2201,1,32,0,0,0
Reactive,hollow_fleet,wanderers,5,true,None,1500,141,0,3720,2156,2,32,0,0,0
Reactive,hollow_fleet,wanderers,6,true,None,1500,141,0,3720,2188,0,35,0,0,0
Reactive,hollow_fleet,wanderers,7,true,None,1500,277,0,3720,2694,2,35,0,0,0
Reactive,hollow_fleet,wanderers,8,true,None,1500,108,0,3720,2620,3,44,0,0,0
Reactive,hollow_fleet,wanderers,9,true,None,1500,172,0,3720,2165,1,35,0,0,0
Reactive,hollow_fleet,wanderers,10,true,None,1500,184,0,3720,2309,0,37,0,0,0
Reactive,hollow_fleet,wanderers,11,true,None,1500,59,0,3720,3193,1,52,0,0,0
Reactive,hollow_fleet,wanderers,12,true,None,1500,135,0,3720,1988,2,30,0,0,0
Reactive,hollow_fleet,wanderers,13,true,None,1500,204,0,3720,2095,0,30,0,0,0
Reactive,hollow_fleet,wanderers,14,true,None,1500,119,0,3720,3147,1,48,0,0,0
Reactive,hollow_fleet,wanderers,15,true,None,1500,118,0,3720,3432,0,43,0,0,0
Reactive,lumen_relay_proving_run,adaptors,0,true,None,1500,266,0,1800,928,0,12,0,0,0
Reactive,lumen_relay_proving_run,adaptors,1,true,None,1500,291,0,1800,666,0,9,0,0,0
Reactive,lumen_relay_proving_run,adaptors,2,true,None,1500,259,0,1800,1062,1,16,0,0,0
Reactive,lumen_relay_proving_run,adaptors,3,true,None,1500,229,0,1800,928,0,12,0,0,0
Reactive,lumen_relay_proving_run,adaptors,4,true,None,1500,300,0,1800,713,0,11,0,0,0
Reactive,lumen_relay_proving_run,adaptors,5,true,None,1500,250,0,1800,1049,0,11,0,0,0
Reactive,lumen_relay_proving_run,adaptors,6,true,None,1500,300,0,1800,1048,0,11,0,0,0
Reactive,lumen_relay_proving_run,adaptors,7,true,None,1221,283,0,1800,928,0,12,0,0,0
Reactive,lumen_relay_proving_run,adaptors,8,true,None,1500,261,0,1800,976,0,14,0,0,0
Reactive,lumen_relay_proving_run,adaptors,9,true,None,1500,300,0,1800,737,0,11,0,0,0
Reactive,lumen_relay_proving_run,adaptors,10,true,None,1500,263,0,1800,1120,0,13,0,0,0
Reactive,lumen_relay_proving_run,adaptors,11,true,None,1500,300,0,1800,1026,1,15,0,0,0
Reactive,lumen_relay_proving_run,adaptors,12,true,None,1500,300,0,1800,666,0,9,0,0,0
Reactive,lumen_relay_proving_run,adaptors,13,true,None,1500,259,0,1800,1070,0,14,0,0,0
Reactive,lumen_relay_proving_run,adaptors,14,true,None,1500,278,0,1800,1049,0,11,0,0,0
Reactive,lumen_relay_proving_run,adaptors,15,true,None,1500,256,0,1800,810,0,12,0,0,0
Reactive,lumen_relay_proving_run,preservers,0,true,None,1500,275,0,1800,1024,0,13,0,0,0
Reactive,lumen_relay_proving_run,preservers,1,true,None,1500,232,0,1800,666,0,9,0,0,0
Reactive,lumen_relay_proving_run,preservers,2,true,None,1447,276,0,1800,1000,0,12,0,0,0
Reactive,lumen_relay_proving_run,preservers,3,true,None,106,248,0,1800,1168,0,15,0,0,0
Reactive,lumen_relay_proving_run,preservers,4,true,None,1500,291,0,1800,673,0,10,0,0,0
Reactive,lumen_relay_proving_run,preservers,5,true,None,1500,287,0,1800,1049,0,11,0,0,0
Reactive,lumen_relay_proving_run,preservers,6,true,None,1500,295,0,1800,1048,0,11,0,0,0
Reactive,lumen_relay_proving_run,preservers,7,true,None,1221,300,0,1800,880,0,14,0,0,0
Reactive,lumen_relay_proving_run,preservers,8,true,None,1500,274,0,1800,1097,0,14,0,0,0
Reactive,lumen_relay_proving_run,preservers,9,true,None,1500,265,0,1800,1071,0,15,0,0,0
Reactive,lumen_relay_proving_run,preservers,10,true,None,1500,278,0,1800,832,0,11,0,0,0
Reactive,lumen_relay_proving_run,preservers,11,true,None,1500,256,0,1800,1071,0,15,0,0,0
Reactive,lumen_relay_proving_run,preservers,12,true,None,1500,295,0,1800,968,0,12,0,0,0
Reactive,lumen_relay_proving_run,preservers,13,true,None,1500,294,0,1800,953,0,11,0,0,0
Reactive,lumen_relay_proving_run,preservers,14,true,None,1500,294,0,1800,858,0,8,0,0,0
Reactive,lumen_relay_proving_run,preservers,15,true,None,1500,275,0,1800,761,0,9,0,0,0
Reactive,lumen_relay_proving_run,wanderers,0,true,None,1500,277,0,1800,1024,0,13,0,0,0
Reactive,lumen_relay_proving_run,wanderers,1,true,None,1500,267,0,1800,666,0,9,0,0,0
Reactive,lumen_relay_proving_run,wanderers,2,true,None,1253,266,0,1800,1000,0,12,0,0,0
Reactive,lumen_relay_proving_run,wanderers,3,true,None,1500,257,0,1800,1049,0,11,0,0,0
Reactive,lumen_relay_proving_run,wanderers,4,true,None,1500,294,0,1800,673,0,10,0,0,0
Reactive,lumen_relay_proving_run,wanderers,5,true,None,1500,293,0,1800,1049,0,11,0,0,0
Reactive,lumen_relay_proving_run,wanderers,6,true,None,1500,300,0,1800,1119,0,13,0,0,0
Reactive,lumen_relay_proving_run,wanderers,7,true,None,1500,300,0,1800,762,0,10,0,0,0
Reactive,lumen_relay_proving_run,wanderers,8,true,None,1500,278,0,1800,666,0,9,0,0,0
Reactive,lumen_relay_proving_run,wanderers,9,true,None,1500,300,0,1800,713,0,11,0,0,0
Reactive,lumen_relay_proving_run,wanderers,10,true,None,1500,262,0,1800,1142,0,17,0,0,0
Reactive,lumen_relay_proving_run,wanderers,11,true,None,1500,298,0,1800,928,0,12,0,0,0
Reactive,lumen_relay_proving_run,wanderers,12,true,None,1500,275,0,1800,1120,0,13,0,0,0
Reactive,lumen_relay_proving_run,wanderers,13,true,None,1500,291,0,1800,952,0,10,0,0,0
Reactive,lumen_relay_proving_run,wanderers,14,true,None,1500,283,0,1800,1049,0,11,0,0,0
Reactive,lumen_relay_proving_run,wanderers,15,true,None,1500,262,0,1800,1120,0,12,0,0,0
Reactive,tarssen_relief,adaptors,0,true,None,1500,274,0,3600,2421,3,38,0,0,0
Reactive,tarssen_relief,adaptors,1,true,None,1500,144,0,3600,3377,2,48,0,0,0
Reactive,tarssen_relief,adaptors,2,true,None,1328,141,0,3600,3468,1,45,0,0,0
Reactive,tarssen_relief,adaptors,3,true,None,1500,139,0,3600,2394,1,36,0,0,0
Reactive,tarssen_relief,adaptors,4,true,None,1500,61,0,3600,3653,2,48,0,0,0
Reactive,tarssen_relief,adaptors,5,true,None,1500,88,0,3600,2374,2,41,0,0,0
Reactive,tarssen_relief,adaptors,6,true,None,1500,266,0,3600,2334,2,35,0,0,0
Reactive,tarssen_relief,adaptors,7,true,None,1452,189,0,3600,2298,3,36,0,0,0
Reactive,tarssen_relief,adaptors,8,true,None,1500,207,0,3600,2311,2,33,0,0,0
Reactive,tarssen_relief,adaptors,9,true,None,1336,276,0,3600,2919,1,37,0,0,0
Reactive,tarssen_relief,adaptors,10,true,None,1500,78,0,3600,3291,1,49,0,0,0
Reactive,tarssen_relief,adaptors,11,true,None,1500,129,0,3600,2356,1,36,0,0,0
Reactive,tarssen_relief,adaptors,12,true,None,1500,106,0,3600,2416,1,33,0,0,0
Reactive,tarssen_relief,adaptors,13,true,None,1500,239,0,3600,2250,1,30,0,0,0
Reactive,tarssen_relief,adaptors,14,true,None,1500,282,0,3600,2259,1,34,0,0,0
Reactive,tarssen_relief,adaptors,15,true,None,1500,124,0,3600,2356,2,33,0,0,0
Reactive,tarssen_relief,preservers,0,true,None,1500,93,0,3600,2432,3,38,0,0,0
Reactive,tarssen_relief,preservers,1,true,None,1500,164,0,3600,2917,1,41,0,0,0
Reactive,tarssen_relief,preservers,2,true,None,1428,117,0,3600,3463,1,52,0,0,0
Reactive,tarssen_relief,preservers,3,true,None,1500,274,0,3600,1976,2,28,0,0,0
Reactive,tarssen_relief,preservers,4,true,None,1500,15,0,3600,3971,6,62,0,0,0
Reactive,tarssen_relief,preservers,5,true,None,1500,128,0,3600,2421,1,35,0,0,0
Reactive,tarssen_relief,preservers,6,true,None,1500,287,0,3600,2356,1,36,0,0,0
Reactive,tarssen_relief,preservers,7,true,None,1452,239,0,3600,2491,3,36,0,0,0
Reactive,tarssen_relief,preservers,8,true,None,1500,126,0,3600,2444,2,36,0,0,0
Reactive,tarssen_relief,preservers,9,true,None,1336,226,0,3600,3232,1,40,0,0,0
Reactive,tarssen_relief,preservers,10,true,None,1500,262,0,3600,2907,1,39,0,0,0
Reactive,tarssen_relief,preservers,11,true,None,1500,184,0,3600,2381,2,30,0,0,0
Reactive,tarssen_relief,preservers,12,true,None,1500,158,0,3600,2403,5,37,0,0,0
Reactive,tarssen_relief,preservers,13,true,None,1500,231,0,3600,2404,3,40,0,0,0
Reactive,tarssen_relief,preservers,14,true,None,1500,154,0,3600,2371,2,37,0,0,0
Reactive,tarssen_relief,preservers,15,true,None,1500,161,0,3600,2286,0,30,0,0,0
Reactive,tarssen_relief,wanderers,0,true,None,1500,145,0,3600,2399,3,36,0,0,0
Reactive,tarssen_relief,wanderers,1,true,None,1500,180,0,3600,3425,3,47,0,0,0
Reactive,tarssen_relief,wanderers,2,true,None,1500,111,0,3600,2451,1,38,0,0,0
Reactive,tarssen_relief,wanderers,3,true,None,1500,186,0,3600,2463,1,37,0,0,0
Reactive,tarssen_relief,wanderers,4,true,None,1500,97,0,3600,3387,2,44,0,0,0
Reactive,tarssen_relief,wanderers,5,true,None,1500,216,0,3600,2180,1,32,0,0,0
Reactive,tarssen_relief,wanderers,6,true,None,1500,206,0,3600,3073,1,38,0,0,0
Reactive,tarssen_relief,wanderers,7,true,None,1500,237,0,3600,2251,3,32,0,0,0
Reactive,tarssen_relief,wanderers,8,true,None,1500,188,0,3600,2321,1,35,0,0,0
Reactive,tarssen_relief,wanderers,9,true,None,1500,120,0,3600,2584,2,37,0,0,0
Reactive,tarssen_relief,wanderers,10,true,None,1500,104,0,3600,2349,3,36,0,0,0
Reactive,tarssen_relief,wanderers,11,true,None,1500,124,0,3600,3148,0,35,0,0,0
Reactive,tarssen_relief,wanderers,12,true,None,1500,61,0,3600,3376,1,52,0,0,0
Reactive,tarssen_relief,wanderers,13,true,None,1500,112,0,3600,2285,3,38,0,0,0
Reactive,tarssen_relief,wanderers,14,true,None,1500,175,0,3600,2312,3,35,0,0,0
Reactive,tarssen_relief,wanderers,15,true,None,1500,111,0,3600,2402,1,37,0,0,0
Reactive,the_deep_camp,adaptors,0,true,None,1500,0,0,5760,5070,7,67,0,0,0
Reactive,the_deep_camp,adaptors,1,true,None,1500,5,0,5760,4099,6,67,0,0,0
Reactive,the_deep_camp,adaptors,2,true,None,1395,0,0,5760,3863,5,64,0,0,0
Reactive,the_deep_camp,adaptors,3,true,None,1500,0,0,5760,4074,7,65,0,0,0
Reactive,the_deep_camp,adaptors,4,true,None,1500,55,0,5760,4286,2,70,0,0,0
Reactive,the_deep_camp,adaptors,5,true,None,1500,0,0,5760,6352,6,105,0,0,0
Reactive,the_deep_camp,adaptors,6,true,None,1500,1,0,5760,6418,8,102,0,0,0
Reactive,the_deep_camp,adaptors,7,true,None,1500,0,0,5760,3937,2,65,0,0,0
Reactive,the_deep_camp,adaptors,8,true,None,1500,23,0,5760,6980,5,117,0,0,0
Reactive,the_deep_camp,adaptors,9,true,None,1500,0,0,5760,4863,5,78,0,0,0
Reactive,the_deep_camp,adaptors,10,true,None,1500,232,0,5760,4083,3,68,0,0,0
Reactive,the_deep_camp,adaptors,11,true,None,1500,219,0,5760,5506,4,91,0,0,0
Reactive,the_deep_camp,adaptors,12,true,None,1500,5,0,5760,4874,4,86,0,0,0
Reactive,the_deep_camp,adaptors,13,true,None,1087,0,0,5760,5933,6,102,0,0,0
Reactive,the_deep_camp,adaptors,14,true,None,1500,0,0,5760,5126,9,84,0,0,0
Reactive,the_deep_camp,adaptors,15,true,None,1445,0,0,5760,5722,9,94,0,0,0
Reactive,the_deep_camp,preservers,0,true,None,1500,0,0,5760,5613,6,91,0,0,0
Reactive,the_deep_camp,preservers,1,true,None,1500,0,0,5760,4267,8,78,0,0,0
Reactive,the_deep_camp,preservers,2,true,None,1500,0,0,5760,4506,5,77,0,0,0
Reactive,the_deep_camp,preservers,3,true,None,1500,0,0,5760,5396,9,91,0,0,0
Reactive,the_deep_camp,preservers,4,true,None,1500,34,0,5760,4344,2,77,0,0,0
Reactive,the_deep_camp,preservers,5,true,None,1500,0,0,5760,6003,12,105,0,0,0
Reactive,the_deep_camp,preservers,6,true,None,1500,0,0,5760,5133,7,82,0,0,0
Reactive,the_deep_camp,preservers,7,true,None,1500,184,0,5760,4191,1,68,0,0,0
Reactive,the_deep_camp,preservers,8,true,None,867,0,0,5760,6217,8,98,0,0,0
Reactive,the_deep_camp,preservers,9,true,None,980,0,0,5760,4360,8,67,0,0,0
Reactive,the_deep_camp,preservers,10,true,None,1500,5,0,5760,6130,5,95,0,0,0
Reactive,the_deep_camp,preservers,11,true,None,1500,43,0,5760,5670,3,87,0,0,0
Reactive,the_deep_camp,preservers,12,true,None,1500,5,0,5760,4764,3,77,0,0,0
Reactive,the_deep_camp,preservers,13,true,None,1087,0,0,5760,6764,10,116,0,0,0
Reactive,the_deep_camp,preservers,14,true,None,1500,0,0,5760,5192,7,83,0,0,0
Reactive,the_deep_camp,preservers,15,true,None,1445,0,0,5760,4432,9,73,0,0,0
Reactive,the_deep_camp,wanderers,0,true,None,1500,0,0,5760,6509,8,108,0,0,0
Reactive,the_deep_camp,wanderers,1,true,None,1500,9,0,5760,4410,2,67,0,0,0
Reactive,the_deep_camp,wanderers,2,true,None,1500,10,0,5760,4142,1,61,0,0,0
Reactive,the_deep_camp,wanderers,3,true,None,1500,0,0,5760,4405,7,75,0,0,0
Reactive,the_deep_camp,wanderers,4,true,None,1500,3,0,5760,4632,3,74,0,0,0
Reactive,the_deep_camp,wanderers,5,true,None,1500,0,0,5760,6144,4,93,0,0,0
Reactive,the_deep_camp,wanderers,6,true,None,1500,0,0,5760,4239,6,74,0,0,0
Reactive,the_deep_camp,wanderers,7,true,None,1500,0,0,5760,3742,6,65,0,0,0
Reactive,the_deep_camp,wanderers,8,true,None,1500,0,0,5760,4459,5,70,0,0,0
Reactive,the_deep_camp,wanderers,9,true,None,1500,0,0,5760,5824,7,93,0,0,0
Reactive,the_deep_camp,wanderers,10,true,None,1500,3,0,5760,5399,4,78,0,0,0
Reactive,the_deep_camp,wanderers,11,true,None,1500,102,0,5760,4642,2,74,0,0,0
Reactive,the_deep_camp,wanderers,12,true,None,1500,0,0,5760,6302,12,98,0,0,0
Reactive,the_deep_camp,wanderers,13,true,None,1500,0,0,5760,6473,6,98,0,0,0
Reactive,the_deep_camp,wanderers,14,true,None,1093,0,0,5760,6595,7,106,0,0,0
Reactive,the_deep_camp,wanderers,15,true,None,1445,27,0,5760,4641,1,82,0,0,0
Prepared,coronal_tap,adaptors,0,true,None,1200,91,0,3840,3791,0,60,0,0,0
Prepared,coronal_tap,adaptors,1,true,None,1200,7,0,3840,4672,0,69,0,0,0
Prepared,coronal_tap,adaptors,2,true,None,0,0,0,3840,5322,4,83,1,1,1
Prepared,coronal_tap,adaptors,3,true,None,1200,0,0,3840,4491,5,76,0,0,0
Prepared,coronal_tap,adaptors,4,true,None,1200,85,0,3840,3787,1,59,0,0,0
Prepared,coronal_tap,adaptors,5,true,None,1200,56,0,3840,4795,1,70,0,0,0
Prepared,coronal_tap,adaptors,6,true,None,1200,68,0,3840,3400,0,52,0,0,0
Prepared,coronal_tap,adaptors,7,true,None,921,110,0,3840,3696,0,59,0,0,0
Prepared,coronal_tap,adaptors,8,true,None,1200,0,0,3840,5501,5,85,0,0,0
Prepared,coronal_tap,adaptors,9,true,None,1200,94,0,3840,4775,2,70,0,0,0
Prepared,coronal_tap,adaptors,10,true,None,1200,0,0,3840,4696,2,74,0,0,0
Prepared,coronal_tap,adaptors,11,true,None,1200,30,0,3840,3455,2,51,0,0,0
Prepared,coronal_tap,adaptors,12,true,None,1200,0,0,3840,3597,1,60,0,0,0
Prepared,coronal_tap,adaptors,13,true,None,1200,21,0,3840,4512,3,73,0,0,0
Prepared,coronal_tap,adaptors,14,true,None,1200,40,0,3840,4625,0,69,0,0,0
Prepared,coronal_tap,adaptors,15,true,None,1200,42,0,3840,4460,2,73,0,0,0
Prepared,coronal_tap,preservers,0,true,None,1200,0,0,3840,4632,9,75,0,0,0
Prepared,coronal_tap,preservers,1,true,None,1200,7,0,3840,3696,1,60,0,0,0
Prepared,coronal_tap,preservers,2,true,None,1140,23,0,3840,4446,1,66,0,0,0
Prepared,coronal_tap,preservers,3,true,None,1200,188,0,3840,3193,2,46,0,0,0
Prepared,coronal_tap,preservers,4,true,None,1200,7,0,3840,4075,1,64,0,0,0
Prepared,coronal_tap,preservers,5,true,None,1200,137,0,3840,3717,0,56,0,0,0
Prepared,coronal_tap,preservers,6,true,None,1200,119,0,3840,3591,2,59,0,0,0
Prepared,coronal_tap,preservers,7,true,None,921,0,0,3840,3602,2,60,0,0,0
Prepared,coronal_tap,preservers,8,true,None,1200,24,0,3840,3794,2,59,0,0,0
Prepared,coronal_tap,preservers,9,true,None,1200,5,0,3840,3667,0,59,0,0,0
Prepared,coronal_tap,preservers,10,true,None,1200,21,0,3840,5301,2,79,0,0,0
Prepared,coronal_tap,preservers,11,true,None,1200,127,0,3840,3970,1,57,0,0,0
Prepared,coronal_tap,preservers,12,true,None,1200,0,0,3840,4366,5,62,0,0,0
Prepared,coronal_tap,preservers,13,true,None,1200,0,0,3840,4172,6,67,0,0,0
Prepared,coronal_tap,preservers,14,true,None,1200,0,0,3840,4290,4,62,0,0,0
Prepared,coronal_tap,preservers,15,true,None,1200,0,0,3840,4439,4,71,0,0,0
Prepared,coronal_tap,wanderers,0,true,None,1200,0,0,3840,3952,6,59,0,0,0
Prepared,coronal_tap,wanderers,1,true,None,1200,0,0,3840,5190,5,81,0,0,0
Prepared,coronal_tap,wanderers,2,true,None,1200,35,0,3840,3798,0,55,0,0,0
Prepared,coronal_tap,wanderers,3,true,None,1200,44,0,3840,4511,2,71,0,0,0
Prepared,coronal_tap,wanderers,4,true,None,1200,0,0,3840,4631,10,82,0,0,0
Prepared,coronal_tap,wanderers,5,true,None,1200,0,0,3840,3594,2,57,0,0,0
Prepared,coronal_tap,wanderers,6,true,None,1200,80,0,3840,3836,2,62,0,0,0
Prepared,coronal_tap,wanderers,7,true,None,1200,0,0,3840,3688,1,59,0,0,0
Prepared,coronal_tap,wanderers,8,true,None,1200,25,0,3840,3814,0,58,0,0,0
Prepared,coronal_tap,wanderers,9,true,None,1200,0,0,3840,3690,3,60,0,0,0
Prepared,coronal_tap,wanderers,10,true,None,1200,0,0,3840,4377,10,73,0,0,0
Prepared,coronal_tap,wanderers,11,true,None,1200,111,0,3840,3504,2,54,0,0,0
Prepared,coronal_tap,wanderers,12,true,None,1200,0,0,3840,4525,2,70,0,0,0
Prepared,coronal_tap,wanderers,13,true,None,1200,102,0,3840,3817,1,59,0,0,0
Prepared,coronal_tap,wanderers,14,true,None,1200,0,0,3840,3978,4,60,0,0,0
Prepared,coronal_tap,wanderers,15,true,None,1200,0,0,3840,4689,4,77,0,0,0
Prepared,deep_vein_survey,adaptors,0,true,None,1200,111,0,4080,3860,1,61,0,0,0
Prepared,deep_vein_survey,adaptors,1,true,None,1200,197,0,4080,3887,1,56,0,0,0
Prepared,deep_vein_survey,adaptors,2,true,None,1200,142,0,4080,3614,1,54,0,0,0
Prepared,deep_vein_survey,adaptors,3,true,None,1200,137,0,4080,3765,2,54,0,0,0
Prepared,deep_vein_survey,adaptors,4,true,None,1200,135,0,4080,4001,2,63,0,0,0
Prepared,deep_vein_survey,adaptors,5,true,None,1200,67,0,4080,4783,2,71,0,0,0
Prepared,deep_vein_survey,adaptors,6,true,None,1200,12,0,4080,5180,2,77,0,0,0
Prepared,deep_vein_survey,adaptors,7,true,None,921,163,0,4080,3766,0,58,0,0,0
Prepared,deep_vein_survey,adaptors,8,true,None,1200,0,0,4080,3734,4,56,0,0,0
Prepared,deep_vein_survey,adaptors,9,true,None,1148,171,0,4080,3690,0,51,0,0,0
Prepared,deep_vein_survey,adaptors,10,true,None,1200,54,0,4080,5234,2,78,0,0,0
Prepared,deep_vein_survey,adaptors,11,true,None,1200,6,0,4080,3787,1,57,0,0,0
Prepared,deep_vein_survey,adaptors,12,true,None,1200,93,0,4080,3731,0,60,0,0,0
Prepared,deep_vein_survey,adaptors,13,true,None,1186,116,0,4080,4957,0,69,0,0,0
Prepared,deep_vein_survey,adaptors,14,true,None,1200,38,0,4080,4858,2,74,0,0,0
Prepared,deep_vein_survey,adaptors,15,true,None,1200,0,0,4080,5353,5,79,0,0,0
Prepared,deep_vein_survey,preservers,0,true,None,1200,6,0,4080,5091,5,81,0,0,0
Prepared,deep_vein_survey,preservers,1,true,None,1200,2,0,4080,3791,3,58,0,0,0
Prepared,deep_vein_survey,preservers,2,true,None,1200,116,0,4080,3574,1,60,0,0,0
Prepared,deep_vein_survey,preservers,3,true,None,1200,7,0,4080,4669,1,70,0,0,0
Prepared,deep_vein_survey,preservers,4,true,None,1200,95,0,4080,5000,3,73,0,0,0
Prepared,deep_vein_survey,preservers,5,true,None,1200,169,0,4080,4460,2,62,0,0,0
Prepared,deep_vein_survey,preservers,6,true,None,1200,53,0,4080,4767,1,71,0,0,0
Prepared,deep_vein_survey,preservers,7,true,None,921,117,0,4080,3750,0,55,0,0,0
Prepared,deep_vein_survey,preservers,8,true,None,936,51,0,4080,3579,0,56,0,0,0
Prepared,deep_vein_survey,preservers,9,true,None,1148,157,0,4080,4482,1,71,0,0,0
Prepared,deep_vein_survey,preservers,10,true,None,1200,168,0,4080,5071,2,76,0,0,0
Prepared,deep_vein_survey,preservers,11,true,None,1200,145,0,4080,3959,2,63,0,0,0
Prepared,deep_vein_survey,preservers,12,true,None,1200,3,0,4080,4601,1,63,0,0,0
Prepared,deep_vein_survey,preservers,13,true,None,1186,94,0,4080,5200,0,81,0,0,0
Prepared,deep_vein_survey,preservers,14,true,None,1200,99,0,4080,4506,0,65,0,0,0
Prepared,deep_vein_survey,preservers,15,true,None,1200,0,0,4080,4557,2,65,0,0,0
Prepared,deep_vein_survey,wanderers,0,true,None,1200,0,0,4080,4674,3,71,0,0,0
Prepared,deep_vein_survey,wanderers,1,true,None,1200,107,0,4080,4674,1,74,0,0,0
Prepared,deep_vein_survey,wanderers,2,true,None,1200,108,0,4080,3543,1,58,0,0,0
Prepared,deep_vein_survey,wanderers,3,true,None,1200,123,0,4080,3881,1,56,0,0,0
Prepared,deep_vein_survey,wanderers,4,true,None,1200,85,0,4080,3908,0,54,0,0,0
Prepared,deep_vein_survey,wanderers,5,true,None,1200,64,0,4080,4456,1,61,0,0,0
Prepared,deep_vein_survey,wanderers,6,true,None,1200,195,0,4080,4628,1,65,0,0,0
Prepared,deep_vein_survey,wanderers,7,true,None,1200,73,0,4080,3856,1,61,0,0,0
Prepared,deep_vein_survey,wanderers,8,true,None,1200,181,0,4080,3434,1,51,0,0,0
Prepared,deep_vein_survey,wanderers,9,true,None,1200,172,0,4080,4076,0,60,0,0,0
Prepared,deep_vein_survey,wanderers,10,true,None,1200,11,0,4080,5037,1,72,0,0,0
Prepared,deep_vein_survey,wanderers,11,true,None,1200,0,0,4080,4566,3,73,0,0,0
Prepared,deep_vein_survey,wanderers,12,true,None,1200,52,0,4080,5165,2,76,0,0,0
Prepared,deep_vein_survey,wanderers,13,true,None,1186,70,0,4080,5590,2,81,0,0,0
Prepared,deep_vein_survey,wanderers,14,true,None,1200,67,0,4080,5310,2,77,0,0,0
Prepared,deep_vein_survey,wanderers,15,true,None,1200,19,0,4080,5395,1,77,0,0,0
Prepared,hollow_fleet,adaptors,0,true,None,1200,0,0,3720,4915,2,74,0,0,0
Prepared,hollow_fleet,adaptors,1,true,None,1200,131,0,3720,3335,0,51,0,0,0
Prepared,hollow_fleet,adaptors,2,true,None,1195,58,0,3720,3669,1,58,0,0,0
Prepared,hollow_fleet,adaptors,3,true,None,1200,179,0,3720,4359,0,63,0,0,0
Prepared,hollow_fleet,adaptors,4,true,None,1200,43,0,3720,4459,3,71,0,0,0
Prepared,hollow_fleet,adaptors,5,true,None,1200,146,0,3720,3669,1,58,0,0,0
Prepared,hollow_fleet,adaptors,6,true,None,1200,20,0,3720,3406,1,53,0,0,0
Prepared,hollow_fleet,adaptors,7,true,None,1200,165,0,3720,3597,0,55,0,0,0
Prepared,hollow_fleet,adaptors,8,true,None,1200,75,0,3720,3763,0,55,0,0,0
Prepared,hollow_fleet,adaptors,9,true,None,1036,19,0,3720,5244,5,80,0,0,0
Prepared,hollow_fleet,adaptors,10,true,None,1200,81,0,3720,3666,1,57,0,0,0
Prepared,hollow_fleet,adaptors,11,true,None,1200,0,0,3720,4026,5,65,0,0,0
Prepared,hollow_fleet,adaptors,12,true,None,1200,113,0,3720,3238,1,50,0,0,0
Prepared,hollow_fleet,adaptors,13,true,None,1200,0,0,3720,3484,2,54,0,0,0
Prepared,hollow_fleet,adaptors,14,true,None,1200,5,0,3720,4314,0,64,0,0,0
Prepared,hollow_fleet,adaptors,15,true,None,1200,0,0,3720,4606,6,69,0,0,0
Prepared,hollow_fleet,preservers,0,true,None,1200,10,0,3720,3499,0,48,0,0,0
Prepared,hollow_fleet,preservers,1,true,None,1200,68,0,3720,3406,1,49,0,0,0
Prepared,hollow_fleet,preservers,2,true,None,1200,0,0,3720,3716,2,59,0,0,0
Prepared,hollow_fleet,preservers,3,true,None,1200,121,0,3720,3524,0,53,0,0,0
Prepared,hollow_fleet,preservers,4,true,None,1200,21,0,3720,3500,1,52,0,0,0
Prepared,hollow_fleet,preservers,5,true,None,1200,59,0,3720,3503,1,53,0,0,0
Prepared,hollow_fleet,preservers,6,true,None,1200,90,0,3720,3333,1,51,0,0,0
Prepared,hollow_fleet,preservers,7,true,None,1200,60,0,3720,3670,1,60,0,0,0
Prepared,hollow_fleet,preservers,8,true,None,1200,38,0,3720,5040,2,72,0,0,0
Prepared,hollow_fleet,preservers,9,true,None,1036,49,0,3720,4669,3,68,0,0,0
Prepared,hollow_fleet,preservers,10,true,None,1200,113,0,3720,3787,0,54,0,0,0
Prepared,hollow_fleet,preservers,11,true,None,1200,101,0,3720,3669,0,55,0,0,0
Prepared,hollow_fleet,preservers,12,true,None,1200,93,0,3720,3478,1,57,0,0,0
Prepared,hollow_fleet,preservers,13,true,None,1200,46,0,3720,3552,1,59,0,0,0
Prepared,hollow_fleet,preservers,14,true,None,1200,42,0,3720,4814,4,72,0,0,0
Prepared,hollow_fleet,preservers,15,true,None,1200,27,0,3720,4745,1,68,0,0,0
Prepared,hollow_fleet,wanderers,0,true,None,1200,13,0,3720,5038,1,74,0,0,0
Prepared,hollow_fleet,wanderers,1,true,None,1200,164,0,3720,3459,2,51,0,0,0
Prepared,hollow_fleet,wanderers,2,true,None,1200,22,0,3720,4580,0,68,0,0,0
Prepared,hollow_fleet,wanderers,3,true,None,1200,2,0,3720,3669,1,57,0,0,0
Prepared,hollow_fleet,wanderers,4,true,None,1200,21,0,3720,4748,2,69,0,0,0
Prepared,hollow_fleet,wanderers,5,true,None,1200,10,0,3720,3619,0,52,0,0,0
Prepared,hollow_fleet,wanderers,6,true,None,1200,65,0,3720,3692,1,58,0,0,0
Prepared,hollow_fleet,wanderers,7,true,None,1200,71,0,3720,4448,3,66,0,0,0
Prepared,hollow_fleet,wanderers,8,true,None,1200,66,0,3720,3714,2,55,0,0,0
Prepared,hollow_fleet,wanderers,9,true,None,1200,1,0,3720,3306,0,51,0,0,0
Prepared,hollow_fleet,wanderers,10,true,None,1200,84,0,3720,3932,1,61,0,0,0
Prepared,hollow_fleet,wanderers,11,true,None,1200,0,0,3720,4219,4,68,0,0,0
Prepared,hollow_fleet,wanderers,12,true,None,1200,88,0,3720,3430,2,50,0,0,0
Prepared,hollow_fleet,wanderers,13,true,None,1200,26,0,3720,3472,1,54,0,0,0
Prepared,hollow_fleet,wanderers,14,true,None,1200,53,0,3720,4504,1,67,0,0,0
Prepared,hollow_fleet,wanderers,15,true,None,1200,9,0,3720,4505,0,68,0,0,0
Prepared,lumen_relay_proving_run,adaptors,0,true,None,1200,179,0,1800,2170,0,31,0,0,0
Prepared,lumen_relay_proving_run,adaptors,1,true,None,1200,174,0,1800,1906,1,26,0,0,0
Prepared,lumen_relay_proving_run,adaptors,2,true,None,1200,153,0,1800,2302,0,31,0,0,0
Prepared,lumen_relay_proving_run,adaptors,3,true,None,1200,160,0,1800,2098,0,28,0,0,0
Prepared,lumen_relay_proving_run,adaptors,4,true,None,1200,246,0,1800,1813,0,29,0,0,0
Prepared,lumen_relay_proving_run,adaptors,5,true,None,1200,220,0,1800,2053,0,24,0,0,0
Prepared,lumen_relay_proving_run,adaptors,6,true,None,1200,200,0,1800,2289,0,29,0,0,0
Prepared,lumen_relay_proving_run,adaptors,7,true,None,921,208,0,1800,1905,0,27,0,0,0
Prepared,lumen_relay_proving_run,adaptors,8,true,None,1200,216,0,1800,2210,0,30,0,0,0
Prepared,lumen_relay_proving_run,adaptors,9,true,None,1200,237,0,1800,1774,0,27,0,0,0
Prepared,lumen_relay_proving_run,adaptors,10,true,None,1200,184,0,1800,2338,0,29,0,0,0
Prepared,lumen_relay_proving_run,adaptors,11,true,None,1200,234,0,1800,2291,0,29,0,0,0
Prepared,lumen_relay_proving_run,adaptors,12,true,None,1200,177,0,1800,1882,0,29,0,0,0
Prepared,lumen_relay_proving_run,adaptors,13,true,None,1200,163,0,1800,2170,0,29,0,0,0
Prepared,lumen_relay_proving_run,adaptors,14,true,None,1200,123,0,1800,2266,0,29,0,0,0
Prepared,lumen_relay_proving_run,adaptors,15,true,None,1200,182,0,1800,1905,0,27,0,0,0
Prepared,lumen_relay_proving_run,preservers,0,true,None,1200,191,0,1800,2315,0,32,0,0,0
Prepared,lumen_relay_proving_run,preservers,1,true,None,1200,135,0,1800,1905,0,26,0,0,0
Prepared,lumen_relay_proving_run,preservers,2,true,None,1162,204,0,1800,2243,0,29,0,0,0
Prepared,lumen_relay_proving_run,preservers,3,true,None,1200,172,0,1800,2434,0,32,0,0,0
Prepared,lumen_relay_proving_run,preservers,4,true,None,1200,169,0,1800,1913,0,30,0,0,0
Prepared,lumen_relay_proving_run,preservers,5,true,None,1200,154,0,1800,2364,0,30,0,0,0
Prepared,lumen_relay_proving_run,preservers,6,true,None,1200,197,0,1800,2361,0,31,0,0,0
Prepared,lumen_relay_proving_run,preservers,7,true,None,921,176,0,1800,2072,0,29,0,0,0
Prepared,lumen_relay_proving_run,preservers,8,true,None,1200,206,0,1800,2330,0,31,0,0,0
Prepared,lumen_relay_proving_run,preservers,9,true,None,1200,149,0,1800,2194,0,29,0,0,0
Prepared,lumen_relay_proving_run,preservers,10,true,None,1200,155,0,1800,2073,0,30,0,0,0
Prepared,lumen_relay_proving_run,preservers,11,true,None,1200,198,0,1800,2386,0,30,0,0,0
Prepared,lumen_relay_proving_run,preservers,12,true,None,1200,186,0,1800,2195,0,29,0,0,0
Prepared,lumen_relay_proving_run,preservers,13,true,None,1200,214,0,1800,2387,0,32,0,0,0
Prepared,lumen_relay_proving_run,preservers,14,true,None,1200,178,0,1800,2087,0,25,0,0,0
Prepared,lumen_relay_proving_run,preservers,15,true,None,1200,171,0,1800,1883,0,24,0,0,0
Prepared,lumen_relay_proving_run,wanderers,0,true,None,1200,153,0,1800,2433,0,36,0,0,0
Prepared,lumen_relay_proving_run,wanderers,1,true,None,1200,167,0,1800,1905,0,26,0,0,0
Prepared,lumen_relay_proving_run,wanderers,2,true,None,990,144,0,1800,2303,1,32,0,0,0
Prepared,lumen_relay_proving_run,wanderers,3,true,None,1200,153,0,1800,2292,0,28,0,0,0
Prepared,lumen_relay_proving_run,wanderers,4,true,None,1200,183,0,1800,1848,0,29,0,0,0
Prepared,lumen_relay_proving_run,wanderers,5,true,None,1200,171,0,1800,2171,0,27,0,0,0
Prepared,lumen_relay_proving_run,wanderers,6,true,None,1200,219,0,1800,2193,0,29,0,0,0
Prepared,lumen_relay_proving_run,wanderers,7,true,None,1200,233,0,1800,1846,0,26,0,0,0
Prepared,lumen_relay_proving_run,wanderers,8,true,None,1200,186,0,1800,1989,0,27,0,0,0
Prepared,lumen_relay_proving_run,wanderers,9,true,None,1200,231,0,1800,1741,0,27,0,0,0
Prepared,lumen_relay_proving_run,wanderers,10,true,None,1200,161,0,1800,2399,0,35,0,0,0
Prepared,lumen_relay_proving_run,wanderers,11,true,None,1200,211,0,1800,1931,0,26,0,0,0
Prepared,lumen_relay_proving_run,wanderers,12,true,None,1200,136,0,1800,2365,0,31,0,0,0
Prepared,lumen_relay_proving_run,wanderers,13,true,None,1200,144,0,1800,2196,0,29,0,0,0
Prepared,lumen_relay_proving_run,wanderers,14,true,None,1200,144,0,1800,2267,0,30,0,0,0
Prepared,lumen_relay_proving_run,wanderers,15,true,None,1200,217,0,1800,2123,0,27,0,0,0
Prepared,tarssen_relief,adaptors,0,true,None,1200,177,0,3600,3718,1,58,0,0,0
Prepared,tarssen_relief,adaptors,1,true,None,1200,77,0,3600,3815,1,51,0,0,0
Prepared,tarssen_relief,adaptors,2,true,None,1040,23,0,3600,4698,0,65,0,0,0
Prepared,tarssen_relief,adaptors,3,true,None,1200,67,0,3600,3789,1,50,0,0,0
Prepared,tarssen_relief,adaptors,4,true,None,1200,124,0,3600,5136,3,69,0,0,0
Prepared,tarssen_relief,adaptors,5,true,None,1200,78,0,3600,3547,0,51,0,0,0
Prepared,tarssen_relief,adaptors,6,true,None,1200,172,0,3600,3718,0,53,0,0,0
Prepared,tarssen_relief,adaptors,7,true,None,1164,170,0,3600,3787,1,60,0,0,0
Prepared,tarssen_relief,adaptors,8,true,None,1200,100,0,3600,3619,0,53,0,0,0
Prepared,tarssen_relief,adaptors,9,true,None,1036,123,0,3600,4583,3,70,0,0,0
Prepared,tarssen_relief,adaptors,10,true,None,1200,67,0,3600,4547,3,67,0,0,0
Prepared,tarssen_relief,adaptors,11,true,None,1200,8,0,3600,3885,1,60,0,0,0
Prepared,tarssen_relief,adaptors,12,true,None,1200,50,0,3600,4028,1,67,0,0,0
Prepared,tarssen_relief,adaptors,13,true,None,1200,128,0,3600,3697,0,58,0,0,0
Prepared,tarssen_relief,adaptors,14,true,None,1200,87,0,3600,3765,0,59,0,0,0
Prepared,tarssen_relief,adaptors,15,true,None,1200,121,0,3600,3719,1,54,0,0,0
Prepared,tarssen_relief,preservers,0,true,None,1200,111,0,3600,3881,0,58,0,0,0
Prepared,tarssen_relief,preservers,1,true,None,1200,97,0,3600,4703,0,66,0,0,0
Prepared,tarssen_relief,preservers,2,true,None,1140,0,0,3600,4873,4,77,0,0,0
Prepared,tarssen_relief,preservers,3,true,None,1200,127,0,3600,3563,1,53,0,0,0
Prepared,tarssen_relief,preservers,4,true,None,1200,80,0,3600,5039,1,72,0,0,0
Prepared,tarssen_relief,preservers,5,true,None,1200,52,0,3600,3693,1,58,0,0,0
Prepared,tarssen_relief,preservers,6,true,None,1200,108,0,3600,3621,0,51,0,0,0
Prepared,tarssen_relief,preservers,7,true,None,1164,138,0,3600,3698,1,53,0,0,0
Prepared,tarssen_relief,preservers,8,true,None,1200,44,0,3600,3618,0,53,0,0,0
Prepared,tarssen_relief,preservers,9,true,None,1036,69,0,3600,4508,2,67,0,0,0
Prepared,tarssen_relief,preservers,10,true,None,1200,29,0,3600,4439,3,67,0,0,0
Prepared,tarssen_relief,preservers,11,true,None,1200,0,0,3600,3709,1,51,0,0,0
Prepared,tarssen_relief,preservers,12,true,None,1200,21,0,3600,4678,2,67,0,0,0
Prepared,tarssen_relief,preservers,13,true,None,1200,27,0,3600,3765,0,57,0,0,0
Prepared,tarssen_relief,preservers,14,true,None,1200,157,0,3600,3622,0,52,0,0,0
Prepared,tarssen_relief,preservers,15,true,None,1200,35,0,3600,3634,0,54,0,0,0
Prepared,tarssen_relief,wanderers,0,true,None,1200,162,0,3600,3788,0,53,0,0,0
Prepared,tarssen_relief,wanderers,1,true,None,1200,40,0,3600,4700,0,63,0,0,0
Prepared,tarssen_relief,wanderers,2,true,None,1200,47,0,3600,3930,1,58,0,0,0
Prepared,tarssen_relief,wanderers,3,true,None,1200,59,0,3600,3984,2,56,0,0,0
Prepared,tarssen_relief,wanderers,4,true,None,1200,1,0,3600,4970,8,73,0,0,0
Prepared,tarssen_relief,wanderers,5,true,None,1200,140,0,3600,3697,1,58,0,0,0
Prepared,tarssen_relief,wanderers,6,true,None,1200,188,0,3600,4443,2,67,0,0,0
Prepared,tarssen_relief,wanderers,7,true,None,1200,65,0,3600,3526,2,51,0,0,0
Prepared,tarssen_relief,wanderers,8,true,None,1200,145,0,3600,3626,1,56,0,0,0
Prepared,tarssen_relief,wanderers,9,true,None,1200,103,0,3600,4438,1,64,0,0,0
Prepared,tarssen_relief,wanderers,10,true,None,1200,107,0,3600,3715,1,58,0,0,0
Prepared,tarssen_relief,wanderers,11,true,None,1200,97,0,3600,4512,2,66,0,0,0
Prepared,tarssen_relief,wanderers,12,true,None,1200,36,0,3600,4932,4,76,0,0,0
Prepared,tarssen_relief,wanderers,13,true,None,1200,70,0,3600,3689,0,56,0,0,0
Prepared,tarssen_relief,wanderers,14,true,None,1200,58,0,3600,3693,1,55,0,0,0
Prepared,tarssen_relief,wanderers,15,true,None,1200,55,0,3600,3778,0,55,0,0,0
Prepared,the_deep_camp,adaptors,0,true,None,1200,50,0,5760,7391,4,114,0,0,0
Prepared,the_deep_camp,adaptors,1,true,None,1200,71,0,5760,5759,3,98,0,0,0
Prepared,the_deep_camp,adaptors,2,true,None,1103,110,0,5760,5469,2,83,0,0,0
Prepared,the_deep_camp,adaptors,3,true,None,1200,0,0,5760,5711,6,95,0,0,0
Prepared,the_deep_camp,adaptors,4,true,None,1200,69,0,5760,5678,2,93,0,0,0
Prepared,the_deep_camp,adaptors,5,true,None,1200,0,0,5760,7890,11,128,0,0,0
Prepared,the_deep_camp,adaptors,6,true,None,1200,0,0,5760,6222,11,99,0,0,0
Prepared,the_deep_camp,adaptors,7,true,None,1200,5,0,5760,5518,0,82,0,0,0
Prepared,the_deep_camp,adaptors,8,true,None,1200,0,0,5760,6323,8,98,0,0,0
Prepared,the_deep_camp,adaptors,9,true,None,1200,151,0,5760,5767,0,85,0,0,0
Prepared,the_deep_camp,adaptors,10,true,None,1200,0,0,5760,5545,2,92,0,0,0
Prepared,the_deep_camp,adaptors,11,true,None,1200,13,0,5760,7004,2,112,0,0,0
Prepared,the_deep_camp,adaptors,12,true,None,1200,0,0,5760,5633,7,89,0,0,0
Prepared,the_deep_camp,adaptors,13,true,None,795,25,0,5760,6996,3,112,0,0,0
Prepared,the_deep_camp,adaptors,14,true,None,1200,0,0,5760,6714,1,97,0,0,0
Prepared,the_deep_camp,adaptors,15,true,None,1145,0,0,5760,7233,3,110,0,0,0
Prepared,the_deep_camp,preservers,0,true,None,1200,56,0,5760,5603,2,82,0,0,0
Prepared,the_deep_camp,preservers,1,true,None,1200,97,0,5760,5650,1,83,0,0,0
Prepared,the_deep_camp,preservers,2,true,None,1200,75,0,5760,5611,2,88,0,0,0
Prepared,the_deep_camp,preservers,3,true,None,1200,26,0,5760,5647,1,85,0,0,0
Prepared,the_deep_camp,preservers,4,true,None,1200,0,0,5760,5730,11,93,0,0,0
Prepared,the_deep_camp,preservers,5,true,None,874,33,0,5760,7672,4,114,0,0,0
Prepared,the_deep_camp,preservers,6,true,None,1200,0,0,5760,7595,9,119,0,0,0
Prepared,the_deep_camp,preservers,7,true,None,1200,221,0,5760,5371,1,79,0,0,0
Prepared,the_deep_camp,preservers,8,true,None,1189,0,0,5760,7570,5,116,0,0,0
Prepared,the_deep_camp,preservers,9,true,None,1200,0,0,5760,6869,1,97,0,0,0
Prepared,the_deep_camp,preservers,10,true,None,1200,0,0,5760,6991,5,97,0,0,0
Prepared,the_deep_camp,preservers,11,true,None,1200,0,0,5760,6820,11,108,0,0,0
Prepared,the_deep_camp,preservers,12,true,None,1200,83,0,5760,7411,2,114,0,0,0
Prepared,the_deep_camp,preservers,13,true,None,795,151,0,5760,6812,2,100,0,0,0
Prepared,the_deep_camp,preservers,14,true,None,1200,0,0,5760,6946,11,102,0,0,0
Prepared,the_deep_camp,preservers,15,true,None,1145,0,0,5760,6928,14,111,0,0,0
Prepared,the_deep_camp,wanderers,0,true,None,1200,0,0,5760,6948,11,104,0,0,0
Prepared,the_deep_camp,wanderers,1,true,None,1200,53,0,5760,5714,3,94,0,0,0
Prepared,the_deep_camp,wanderers,2,true,None,1200,12,0,5760,5554,2,86,0,0,0
Prepared,the_deep_camp,wanderers,3,true,None,1200,0,0,5760,5692,5,83,0,0,0
Prepared,the_deep_camp,wanderers,4,true,None,1200,0,0,5760,5586,5,83,0,0,0
Prepared,the_deep_camp,wanderers,5,true,None,1200,0,0,5760,6582,28,127,0,0,0
Prepared,the_deep_camp,wanderers,6,true,None,1200,5,0,5760,5767,2,93,0,0,0
Prepared,the_deep_camp,wanderers,7,true,None,1200,11,0,5760,5539,2,84,0,0,0
Prepared,the_deep_camp,wanderers,8,true,None,1200,0,0,5760,5551,6,84,0,0,0
Prepared,the_deep_camp,wanderers,9,true,None,1200,0,0,5760,7092,14,119,0,0,0
Prepared,the_deep_camp,wanderers,10,true,None,1200,0,0,5760,7110,7,109,0,0,0
Prepared,the_deep_camp,wanderers,11,true,None,1200,130,0,5760,5450,5,88,0,0,0
Prepared,the_deep_camp,wanderers,12,true,None,1200,0,0,5760,6972,11,108,0,0,0
Prepared,the_deep_camp,wanderers,13,true,None,1200,43,0,5760,6884,2,103,0,0,0
Prepared,the_deep_camp,wanderers,14,true,None,1161,0,0,5760,6316,10,97,0,0,0
Prepared,the_deep_camp,wanderers,15,true,None,1145,124,0,5760,5343,1,81,0,0,0
